"Var1"	"n"
"1"	"A"	0.961538461538462
"2"	"B"	0.0384615384615385
"Var1"	"n"
"1"	"A"	0.961538461538462
"2"	"B"	0.0384615384615385
